address,name
00000E54,EventP_clear
00001728,DebugP_log4
0000173C,MAP_LE_ReadPeriodicAdvListSize
00002134,ICall_allocMsgLimited
00004DD0,ti_sysbios_runtime_System_doPrint
0000546A,BIOS_nullFunc
00005572,MessageQueueP_create
000057A8,NVOCMP_initNvApi
0000625C,NVOCMP_compactPage
00006BAC,ti_sysbios_family_arm_m3_Hwi_excNmi
00007310,NVOCMP_addItem
00007A22,ti_sysbios_family_arm_m3_Hwi_excSvCall
00007A7E,ti_sysbios_family_arm_m3_Hwi_excReserved
000081F8,EventP_create
00008550,ICall_waitMatch
00008724,setBleUserConfig
00008C56,Board_initHook
0000929E,ti_sysbios_family_arm_m3_Hwi_excNoIsr
000092CE,DefaultAssertCback
0000AD58,ti_sysbios_family_arm_m3_Hwi_getHandle
0000AEF0,ti_sysbios_runtime_System_printfExtend
0000B3A4,ti_sysbios_runtime_System_abortSpin
0000B86C,NVOCMP_findItem
0000BAAC,ti_sysbios_family_arm_cc26xx_Timer_construct
0000BCC8,ti_sysbios_family_arm_cc26xx_Timer_Instance_finalize
0000C77A,ti_sysbios_family_arm_cc26xx_Timer_trigger
0000C982,MAP_HCI_CteRequestFailedEvent
0000D14C,ti_sysbios_knl_Event_pend
0000D7BE,MAP_LL_SDAA_HandleSDAALastCmdDone
0000D8A4,ti_sysbios_knl_Semaphore_pend
0000DA6A,MAP_LL_SDAA_Init
0000E084,DevInfo_SetParameter
0000E15C,setBondManagerParameters
0000E234,ti_sysbios_family_arm_m3_Hwi_excFillContext
0000E4BA,MAP_LL_SDAA_RecordTxUsage
0000E72C,ti_sysbios_knl_Clock_workFuncDynamic
0000EA5A,MAP_LL_SDAA_SampleRXWindow
0000EA5C,clock_gettime
0000EF08,ICall_enrollService
0000F1DE,SystemP_startScheduler
0000F500,devInfo_ReadAttrCB
0000F5B8,ti_sysbios_knl_Task_Instance_finalize
0000F670,ti_sysbios_knl_Task_setPri
0000FB74,PowerCC26XX_standbyPolicy
0000FCDA,MAP_llClearPeriodicAdvSets
0000FD8C,ICall_heapMalloc
000105C0,ti_sysbios_runtime_Memory_valloc
0001098A,BIOS_exit
00010A58,ICall_wait
00010BA0,ti_sysbios_knl_Task_Instance_init
00010F68,OUTLINED_FUNCTION_2
0001127A,MAP_llClearPeriodicScanSets
0001127C,NVOCMP_erase
000116A2,MAP_llCoexInit
00011860,ti_sysbios_knl_Clock_startI
00011AA0,ti_sysbios_runtime_System_abortStd
00011AAE,MAP_llCoexSetParams
00012020,ICall_setTimer
00012128,_pthread_abstime2ticks
0001222E,MAP_llCoexUpdateCounters
000123B0,ti_sysbios_family_arm_m3_Hwi_initNVIC
00012430,ti_sysbios_gates_GateMutexPri_enter
000124B0,ti_sysbios_knl_Clock_init
000125B0,NVOCMP_readHeader
000127A4,icall_directAPI
00012918,ti_sysbios_family_arm_m3_Hwi_postInit
00012C74,ICall_createRemoteTasksAtRuntime
00012CEC,ICall_heapInit
00012D64,ICall_sendServiceComplete
00012E54,mq_setattr
00012FBC,ti_sysbios_knl_Task_postInit
00013288,NVOCMP_readItemApi
000133E4,ti_sysbios_knl_Swi_restoreHwi
00013458,ti_sysbios_knl_Task_startup
000139BC,ICallPlatform_pwrUpdActivityCounter
00013A9C,ti_sysbios_family_arm_m3_Hwi_Instance_init
00013B0C,ti_sysbios_runtime_System_formatNum
00013CCA,MAP_llDmmDynamicFree
00013D38,NVOCMP_eraseNvApi
00013DA4,NVOCMP_writeItemApi
00013F54,ti_sysbios_family_arm_m3_Hwi_dispatchC
00013FC0,ti_sysbios_hal_Seconds_getTime
000141DC,ICall_send
0001437C,ti_sysbios_knl_Event_post
000143E4,ti_sysbios_knl_Idle_init
0001444C,ti_sysbios_knl_Swi_run
000144FE,ti_sysbios_gates_GateMutex_delete
00014502,ti_sysbios_runtime_System_exitStd
000147F2,MAP_llDmmSetThreshold
00014B14,ti_sysbios_gates_GateMutexPri_leave
00014DCE,MAP_llHealthUpdate
00014E32,MAP_llMaster_TaskEnd
00014E94,NVOCMP_checkItem
00014EF4,NVOCMP_verifyCRC
00014FB4,main
00015014,stack_main
00015074,ti_sysbios_knl_Clock_walkQueueDynamic
000150D4,ti_sysbios_knl_Semaphore_post
00015134,ti_sysbios_knl_Swi_schedule
0001541C,ProjectZero_processOadWriteCB
000154F0,ti_sysbios_family_arm_lm4_Timer_enableCC26xx__I
00015880,HEAPMGR_GETLARGESTFREEBUF
000158D8,ICall_fetchMsg
00015930,ICall_registerApp
00015DFA,MAP_llPeriodicAdv_PostProcess
00015E50,NVOCMP_compactNvApi
00015EA4,NVOCMP_getDstPage
00015FA0,Util_constructClock
00016294,Board_sendExtFlashByte
000162E6,MAP_llProcessPeriodicScanRxFIFO
000162E8,Board_shutDownExtFlash
00016388,NVOCMP_loadApiPtrsMin
00016478,ti_sysbios_knl_Swi_post
000164C8,ti_sysbios_knl_Swi_runLoop
00016518,ti_sysbios_knl_Task_schedule
000167E6,NVOCMP_readItem
000168D0,BIOS_startFunc
0001691C,ICall_newTask
000169B4,NVOCMP_setItemInactive
00016A98,SwiP_create
00016BC8,ICall_heapRealloc
00016C60,ti_sysbios_knl_Swi_Instance_init
00016CAC,ti_sysbios_runtime_Startup_exec
00016DD8,MAP_llInitFeatureSet
00017018,ti_sysbios_family_arm_cc26xx_Timer_start
00017060,ti_sysbios_knl_TaskSupport_start
000172E6,MAP_llSetPeriodicSyncInfo
000172E8,BIOS_atExitFunc
000173B4,ICall_getEntityId
000175D4,ti_sysbios_family_arm_m3_Hwi_construct2
00017618,ti_sysbios_family_arm_m3_Hwi_disableInterrupt
0001765C,ti_sysbios_family_arm_m3_Hwi_enableInterrupt
000176A0,ti_sysbios_knl_Swi_restore
000176E4,ti_sysbios_knl_Task_create
000178C0,ProjectZero_ButtonService_CfgChangeCB
000179C6,MAP_llTerminatePeriodicScan
00017B08,Util_convertBdAddr2Str
00017BC8,ti_sysbios_family_arm_m3_Hwi_Instance_finalize
00017C08,ti_sysbios_knl_Clock_getTicksUntilInterrupt
00017C48,ti_sysbios_knl_Task_exit
00017CAC,MutexP_create
00017E88,sem_timedwait
00017F40,HwiP_construct
00017FF4,NVOCMP_getFreeNvApi
00018120,ti_sysbios_family_arm_cc26xx_Timer_periodicStub
0001815C,ti_sysbios_heaps_HeapCallback_construct
00018198,ti_sysbios_knl_ClockSupport_init
000181D4,ti_sysbios_knl_Task_blockI
00018210,ti_sysbios_knl_Task_restore
0001824C,ti_sysbios_runtime_Memory_alloc
00018592,ti_sysbios_knl_Task_checkStacks
0001863E,ti_sysbios_heaps_HeapCallback_defaultDelete
000186B0,GPIO_Board_keyCallback
000186E8,ICall_dispatch
00018720,ICall_heapFree
00018758,ICall_searchTask
00018790,ICall_setTimerMSecs
000188A8,NVOCMP_disableCache
000188E0,NVOCMP_write
000189F8,ProjectZero_createTask
00018AD8,getTime
00018B48,ti_sysbios_knl_Task_processVitalTaskFlag
00018BA0,smpInitiatorProcessPairingRandom_hook
00018BA4,ti_sysbios_heaps_HeapCallback_defaultFree
00018C40,SwiP_andn
00018C44,SwiP_dec
00018C48,ti_sysbios_knl_Task_getEnv
00018C4C,SwiP_inc
00018C50,ti_sysbios_knl_Task_getName
00018E8E,ICall_fetchServiceMsg
00018EC4,SwiP_construct
00018F30,BIOS_init
00018F64,ICall_AbsoluteTimePlusTimerInMilli
00018F98,ICall_searchServiceEntity
00018FCC,NVOCMP_changePageState
00019068,Util_restartClock
00019138,Util_enqueueMsg
0001916C,_pthread_cleanupFxn
000191D4,ti_sysbios_family_arm_cc26xx_Timer_setThreshold
00019208,ti_sysbios_family_arm_m3_Hwi_getStackInfo
0001923C,ti_sysbios_family_arm_m3_Hwi_init
00019270,ti_sysbios_knl_Clock_Instance_init
000192A4,ti_sysbios_knl_Task_unblockI
00019444,ti_sysbios_knl_Event_pendTimeout
00019476,ti_sysbios_knl_Semaphore_pendTimeout
000194A8,Board_wakeUpExtFlash
000194D8,ClockP_construct
00019508,ICall_init
00019538,ICall_primEntityId2ServiceId
000195F8,ROM_Init
00019628,ProjectZero_enqueueMsg
00019658,ti_sysbios_knl_Task_getMode
000196E8,ti_sysbios_family_arm_m3_Hwi_excHandlerMin
00019718,ti_sysbios_runtime_System_atexit
00019748,ti_sysbios_runtime_System_processAtExit
000198F2,ProjectZero_pairStateCb
000199AA,MAP_llUpdateCteState
000199D8,ICallPlatform_pwrDispenseImpl
00019A04,ICallPlatform_pwrRequireImpl
00019A30,ICall_getLocalMsgEntityId
00019A5C,ICall_getMaxMSecs
00019A88,NVOCMP_setCompactHdr
00019AE0,PowerCC26XX_schedulerDisable
00019B38,ti_sysbios_family_arm_lm4_Timer_disableCC26xx__I
00019BBC,_pthread_delete
00019BE8,ti_sysbios_knl_Clock_getTicks
00019C14,ti_sysbios_knl_Clock_getTimeout
00019C40,ti_sysbios_knl_Swi_setPri
00019C6C,ti_sysbios_knl_Task_restoreHwi
00019DA0,ProjectZero_advCallback
00019E1E,ti_sysbios_family_arm_cc26xx_Timer_setNextTick
00019E48,ti_sysbios_knl_Task_allBlockedFunction
00019E72,MAP_llUpdatePeriodicAdvChainPacket
00019E74,BIOS_registerRTSLock
00019E9C,DevInfo_AddService
00019EC4,ICall_createRemoteTasks
00019EEC,ICall_heapGetStats
00019F14,ICall_sendServiceMsg
0001A02C,sem_init
0001A07C,ti_sysbios_knl_Semaphore_Instance_init
0001A0A4,ti_sysbios_knl_Swi_init
0001A0F4,ti_sysbios_knl_Task_construct
0001A11C,ti_sysbios_knl_Task_init
0001A25A,ICall_msgEnqueue
0001A2CC,ProjectZero_DataService_ValueChangeCB
0001A2F2,ProjectZero_paramUpdClockHandler
0001A388,BIOS_removeRTSLock
0001A580,clock_settime
0001A5C8,SemaphoreP_createBinary
0001A658,ti_sysbios_family_arm_m3_Hwi_construct
0001A67C,ti_sysbios_knl_Semaphore_destruct
0001A6A0,ti_sysbios_knl_Task_enter
0001A7FC,MAP_LE_SetPeriodicAdvReceiveEnable
0001A808,pthread_once
0001A86E,memcmp
0001A890,ti_sysbios_gates_GateMutexPri_insertPri
0001A9B4,PowerCC26XX_schedulerRestore
0001AA94,SemaphoreP_constructBinary
0001AAD4,ti_sysbios_family_arm_m3_Hwi_initStack
0001AAF4,ti_sysbios_gates_GateMutexPri_Instance_init
0001AB14,ti_sysbios_knl_Clock_addI
0001AB34,ti_sysbios_knl_Clock_create
0001AB54,ti_sysbios_knl_Semaphore_delete
0001AB74,ti_sysbios_knl_Task_delete
0001AB94,ti_sysbios_knl_Task_destruct
0001ABC8,ti_sysbios_heaps_HeapCallback_defaultGetStats
0001AC6C,SwiP_post
0001AC8C,TaskP_restoreScheduler
0001ACC8,ti_sysbios_heaps_HeapCallback_defaultInit
0001ACEC,MAP_LE_SetConnectionlessIqSamplingEnable
0001AD50,ti_sysbios_knl_Semaphore_create
0001ADC0,MAP_llProcessScanRxFIFO_hook
0001ADC4,MAP_llGetPeriodicScan
0001AE22,ti_sysbios_knl_Clock_tickStop
0001AE24,BIOS_rtsLock
0001AE5C,ti_sysbios_knl_Mailbox_delete
0001AE94,HwiP_setPriority
0001AEB0,ICall_enterCSImpl
0001AF04,NVOCMP_expectCompApi
0001AF20,NVOCMP_writeByte
0001AFE4,crc_update
0001B000,getClockTicks
0001B054,ti_sysbios_knl_Clock_Instance_finalize
0001B070,ti_sysbios_knl_Clock_construct
0001B08C,ti_sysbios_knl_Event_checkEvents
0001B0A8,ti_sysbios_knl_Idle_run
0001B0C4,ti_sysbios_knl_Queue_get
0001B0E0,ti_sysbios_knl_Queue_put
0001B0FC,ti_sysbios_knl_Semaphore_construct
0001B118,ti_sysbios_knl_Swi_construct
0001B134,ti_sysbios_knl_Swi_destruct
0001B150,ti_sysbios_runtime_Error_raiseX
0001B16C,EventP_pend
0001B19C,MAP_llSetRfReportAodPackets
0001B214,ICallPlatform_pwrDispense
0001B22E,ICallPlatform_pwrRequire
0001B248,ICall_primRepostSync
0001B262,ProjectZero_connEvtCB
0001B296,ti_sysbios_gates_GateMutexPri_create
0001B2B0,ti_sysbios_knl_Event_create
0001B2FA,ti_sysbios_knl_Task_setEnv
0001B2FE,MAP_llSetPeriodicAdvChmapUpdate
0001B318,BIOS_exitFunc
0001B330,BIOS_rtsUnlock
0001B3D8,ICall_heapMallocLimited
0001B468,Util_dequeueMsg
0001B480,ti_sysbios_knl_Clock_scheduleNextTick
0001B498,ti_sysbios_knl_Event_Instance_init
0001B4B0,ti_sysbios_knl_Swi_construct2
0001B4C8,ti_sysbios_knl_Swi_or
0001B4F8,ti_sysbios_knl_Task_unblock
0001B59A,MAP_llEndPeriodicAdvTask
0001B616,HwiP_interruptsEnabled
0001B62C,HwiP_setFunc
0001B66E,SystemP_snprintf
0001B69A,clockFxn
0001B6C6,ti_sysbios_knl_Clock_start
0001B6DC,ti_sysbios_knl_Task_block
0001B798,ICall_abort
0001B7AC,ICall_eventPost
0001B7C0,ICall_pwrUpdActivityCounter
0001B7D4,OUTLINED_FUNCTION_0
0001B810,ROM_Spinlock
0001B824,SwiP_disable
0001B838,SwiP_inISR
0001B8C4,driverTable_fnSpinlock
0001B8EC,project_zero_spin
0001B900,ti_sysbios_family_arm_m3_Hwi_switchFromBootStack
0001B914,ti_sysbios_knl_Swi_disable
0001B9A0,ICall_leaveCSImpl
0001B9B2,NVOCMP_readByte
0001BA54,ti_sysbios_family_arm_m3_Hwi_Params_init
0001BA94,ti_sysbios_knl_Swi_Params_init
0001BAC4,ClockP_getCpuFreq
0001BAD4,TaskP_Params_init
0001BB04,HwiP_Params_init
0001BB14,HwiP_inISR
0001BB24,HwiP_post
0001BB54,NVOCMP_read
0001BC04,SwiP_Params_init
0001BC54,ti_sysbios_family_arm_cc26xx_Timer_dynamicStub
0001BC64,ti_sysbios_family_arm_m3_Hwi_excHandler
0001BC74,ti_sysbios_knl_Task_disable
0001BC84,ti_sysbios_runtime_System_vsnprintf
0001BCA2,MAP_llPeriodicAdv_Config
0001BCCE,MAP_llProcessPeriodicScanSyncInfo
0001BD2C,MAP_llEndPeriodicScanTask
0001BDC0,ICall_signal
0001BE14,SwiP_setPriority
0001BE30,Util_constructQueue
0001BE3E,sem_wait
0001BE5A,strlen
0001BE68,OAD_close
0001BEBA,MAP_llPeriodicScan_PostProcess
0001BED4,BIOS_getThreadType
0001BEE0,BIOS_linkedWithIncorrectBootLibrary
0001BEEC,BIOS_start
0001BF10,ti_sysbios_knl_ClockSupport_start
0001BF34,HwiP_disable
0001BF40,ICall_pwrDispense
0001BF4C,ICall_pwrRequire
0001BF58,ICall_taskEntry
0001BF64,NVOCMP_doRAMCRC
0001BFD0,RegisterAssertCback
0001BFDC,SemaphoreP_delete
0001BFE8,SwiP_getTrigger
0001C030,matchLiteCS
0001C03C,osalHeapInitFxn
0001C048,ti_sysbios_gates_GateMutexPri_construct
0001C054,ti_sysbios_knl_ClockSupport_setNextTick
0001C060,ti_sysbios_knl_Clock_tick
0001C06C,ti_sysbios_knl_Event_construct
0001C078,ti_sysbios_knl_Queue_empty
0001C084,ti_sysbios_knl_Task_Params_init
0001C090,ti_sysbios_knl_Task_self
0001C09C,NVOCMP_setCheckVoltage
0001C150,ti_sysbios_runtime_Memory_calloc
0001C164,MAP_llGetPeriodicScanCteTasks
0001C186,ClockP_Params_init
0001C1A4,ICall_stopTimer
0001C1AE,OUTLINED_FUNCTION_0
0001C1B8,OUTLINED_FUNCTION_1
0001C1C2,OUTLINED_FUNCTION_6
0001C1D6,SemaphoreP_pend
0001C1EA,MAP_llUpdateExtScanAcceptSyncInfo
0001C1F6,osalHeapGetStatsFxn
0001C200,sem_post
0001C20A,ti_sysbios_knl_Clock_Params_init
0001C228,ICall_enableInt
0001C24A,OUTLINED_FUNCTION_0
0001C252,OUTLINED_FUNCTION_0
0001C27A,ti_sysbios_runtime_SystemSupport_abort
0001C28C,ti_sysbios_runtime_System_exit
0001C29A,MAP_llHealthSetThreshold
0001C2C0,ClockP_stop
0001C2D8,HwiP_restore
0001C2DE,ICall_clockFunc
0001C2E4,ICall_freeMsg
0001C2FC,ti_sysbios_knl_Clock_getCompletedTicks
0001C32C,osalHeapAllocFxn
0001C332,osalHeapFreeFxn
0001C338,ti_sysbios_family_arm_m3_Hwi_destruct
0001C33E,ti_sysbios_family_arm_m3_Hwi_doSwiRestore
0001C344,ti_sysbios_family_arm_m3_Hwi_doTaskRestore
0001C34A,ti_sysbios_gates_GateMutexPri_Params_init
0001C350,ti_sysbios_heaps_HeapCallback_alloc
0001C356,ti_sysbios_heaps_HeapCallback_free
0001C35C,ti_sysbios_heaps_HeapCallback_getStats
0001C362,ti_sysbios_heaps_HeapCallback_isBlocking
0001C368,ti_sysbios_knl_Clock_stop
0001C36E,ti_sysbios_knl_Idle_loop
0001C374,ti_sysbios_knl_Queue_construct
0001C37A,ti_sysbios_knl_Swi_startup
0001C38A,ClockP_destruct
0001C38E,ClockP_getSystemTickPeriod
0001C392,ClockP_getTimeout
0001C396,ClockP_isActive
0001C39A,ClockP_setTimeout
0001C39E,ClockP_start
0001C3A2,HOOK_llProcessMasterControlPacket_hook
0001C3AA,HwiP_destruct
0001C3AE,HwiP_enableInterrupt
0001C3B2,ICall_free
0001C3B6,ICall_getHeapStats
0001C3BA,ICall_getTicks
0001C3BE,ICall_malloc
0001C3C2,ICall_mallocLimited
0001C3C6,LE_SetExtAdvData_hook
0001C3CA,LE_SetExtAdvEnable_hook
0001C3CE,LE_SetExtScanRspData_hook
0001C3D2,LL_ProcessEvent_LL_EVT_EXT_SCAN_TIMEOUT_hook
0001C3D6,LL_ProcessEvent_LL_EVT_MASTER_CONN_CREATED_hook
0001C3DA,MAP_LL_AbortedCback
0001C3DE,MAP_RTLSSrv_processHciEvent
0001C3E2,MAP_checkVsEventsStatus
0001C3E6,MAP_gapAdv_handleAdvHciCmdComplete
0001C3EA,MAP_gapAdv_periodicAdvCmdCompleteCBs
0001C3EE,MAP_gapScan_periodicAdvCmdCompleteCBs
0001C3F2,MAP_gapScan_periodicAdvCmdStatusCBs
0001C3F6,MAP_gapScan_processBLEPeriodicAdvCBs
0001C3FA,MAP_llCalcConnMaxTimeLength
0001C3FE,MAP_llCoexRfLinkRatCompareConnMaxTimeLength
0001C402,MAP_llDmmDynamicAlloc
0001C406,MAP_llDmmGetActivityIndex
0001C40A,MAP_llDmmSetAdvHandle
0001C40E,MAP_llFindNextPeriodicAdv
0001C412,MAP_llFindNextPeriodicScan
0001C416,MAP_llFreeCteSamplesEntryQueue
0001C41A,MAP_llGetCteInfo
0001C41E,MAP_llGetCurrentPeriodicAdv
0001C422,MAP_llGetCurrentPeriodicScan
0001C426,MAP_llGetPeriodicAdv
0001C42A,MAP_llHandleSDAAControlTX
0001C42E,MAP_llPrepareNextExtAdv
0001C432,MAP_llProcessExtScanRxFIFO_hook
0001C436,MAP_llSDAASetupRXWindowCmd
0001C43A,MAP_llSetStarvationMode
0001C43E,MAP_llSetupCte
0001C442,MAP_llSetupPeriodicAdv
0001C446,MAP_llSlave_TaskEnd
0001C44A,MAP_llTrigPeriodicAdv
0001C44E,MAP_llUpdateExtAdvTx
0001C462,MAP_llHealthCheck
0001C466,ResetISR
0001C46A,ti_sysbios_knl_Queue_prev
0001C46E,SM_dhKeyCB_hook
0001C472,SM_p256KeyCB_hook
0001C476,SemaphoreP_destruct
0001C47A,SemaphoreP_post
0001C47E,SwiP_destruct
0001C482,SwiP_or
0001C486,SwiP_restore
0001C48A,SystemP_vsnprintf
0001C492,Util_isActive
0001C496,Util_startClock
0001C49A,Util_stopClock
0001C49E,ti_sysbios_runtime_SysCallback_defaultAbort
0001C4A4,_system_post_cinit
0001C4A8,_system_pre_init
0001C4AC,MAP_checkLegacyHCICmdStatus
0001C4B0,gapSendSlaveSecurityReqEvent_hook
0001C4B4,MAP_llFlushIgnoredRxEntry
0001C4B8,llFindStartType_hook
0001C4BC,llGetNextConn_hook
0001C4C0,llNextChanIndex_hook
0001C4C4,llScheduler_hook
0001C4C8,llSetupExtAdv_hook
0001C4CC,hasExternalFlash
0001C4D0,osalHeapIsBlockingFxn
0001C4D4,rfCallback_hook
0001C4D8,smGeneratePairingReqRsp_hook
0001C4DC,smResponderProcessLTKReq_hook
0001C4E0,smpResponderProcessIncoming_hook
0001C4E4,smpResponderProcessPairingPublicKey_hook
0001C4E8,ti_sysbios_knl_Clock_destruct
0001C4EC,ti_sysbios_knl_Clock_isActive
0001C4F0,ti_sysbios_knl_Clock_setTimeout
0001C4FC,ti_sysbios_runtime_System_snprintf_va
0001C500,ICall_entityId2ServiceId
0001C508,ti_sysbios_knl_Swi_getName
0001C510,rfErrCb
0001C512,ti_sysbios_runtime_System_exitSpin
0001C514,ti_sysbios_runtime_SysCallback_defaultInit
0001C516,ti_sysbios_runtime_SysCallback_defaultExit
0001C51C,MAP_LL_SDAA_AddDwtRecord
0001C51E,MAP_LL_SDAA_SetChannelInSample
0001C538,ti_sysbios_gates_GateMutex_Instance_init
0001C548,ti_sysbios_knl_Task_getObjectCheckValue
0001C7E0,ClockP_getSystemTicks
0001C9E8,EventP_post
0001CA40,HwiP_disableInterrupt
0001CA68,MutexP_destruct
0001CA78,MutexP_lock
0001CB30,MutexP_unlock
0001CB68,SemaphoreP_constructBinaryCallback
0001CB98,SemaphoreP_createBinaryCallback
0001CBF0,MAP_llGetStarvationMode
0001CBF8,Boot_trimDevice
0001CC00,ti_sysbios_heaps_HeapCallback_init
0001CC30,iar_startup_reset
